sample_idx,document_id,pers_entity_id,loc_entity_id,pred_label,confidence,runner_up_confidence,margin,entropy,normalized_entropy,ambiguity_score,top1_label,top2_label,route_to_llm
124,luxwort-1948-08-27-a-i0008,luxwort-1948-08-27-a-i0008-NIL_m_r_l_robinson,luxwort-1948-08-27-a-i0008_Q1794,FALSE,0.513303,0.486697,0.026605,0.692793,0.999489,0.986442,FALSE,TRUE,1
168,NZZ-1848-08-26-a-p0002,NZZ-1848-08-26-a-p0002_Q67299,NZZ-1848-08-26-a-p0002_Q162049,TRUE,0.513398,0.486602,0.026796,0.692788,0.999482,0.986343,TRUE,FALSE,1
20,luxwort-1848-12-15-a-i0001,luxwort-1848-12-15-a-i0001-NIL_ulrich,luxwort-1848-12-15-a-i0001_Q691842,TRUE,0.701304,0.298696,0.402608,0.609755,0.879691,0.738541,TRUE,FALSE,1
33,luxwort-1858-02-07-a-i0009,luxwort-1858-02-07-a-i0009-NIL_brismee,luxwort-1858-02-07-a-i0009_Q239,FALSE,0.745398,0.254602,0.490797,0.567334,0.81849,0.663847,FALSE,TRUE,1
204,NZZ-1808-04-29-a-p0002,NZZ-1808-04-29-a-p0002_Q321765,NZZ-1808-04-29-a-p0002_Q809585,FALSE,0.779993,0.220007,0.559986,0.526917,0.76018,0.600097,FALSE,TRUE,1
31,luxwort-1858-02-07-a-i0009,luxwort-1858-02-07-a-i0009-NIL_brismee,luxwort-1858-02-07-a-i0009_Q31,TRUE,0.823328,0.176672,0.646657,0.466309,0.672741,0.513042,TRUE,FALSE,1
29,luxwort-1858-02-07-a-i0009,luxwort-1858-02-07-a-i0009_Q4251818,luxwort-1858-02-07-a-i0009_Q239,FALSE,0.894421,0.105579,0.788842,0.337171,0.486435,0.348796,FALSE,TRUE,1
167,NZZ-1848-08-26-a-p0002,NZZ-1848-08-26-a-p0002_Q67299,NZZ-1848-08-26-a-p0002_Q160899,FALSE,0.896976,0.103024,0.793951,0.331678,0.47851,0.342279,FALSE,TRUE,1
23,luxwort-1848-12-15-a-i0001,luxwort-1848-12-15-a-i0001_Q738855,luxwort-1848-12-15-a-i0001_Q691842,TRUE,0.899828,0.100172,0.799656,0.325461,0.469541,0.334943,TRUE,FALSE,1
205,NZZ-1808-04-29-a-p0002,NZZ-1808-04-29-a-p0002_Q321765,NZZ-1808-04-29-a-p0002_Q35,FALSE,0.924688,0.075312,0.849375,0.267168,0.385442,0.268033,FALSE,TRUE,1
166,NZZ-1848-08-26-a-p0002,NZZ-1848-08-26-a-p0002_Q67299,NZZ-1848-08-26-a-p0002_Q64,FALSE,0.937669,0.062331,0.875338,0.233334,0.33663,0.230646,FALSE,TRUE,1
170,NZZ-1848-08-26-a-p0002,NZZ-1848-08-26-a-p0002_Q67299,NZZ-1848-08-26-a-p0002_Q183,FALSE,0.9462,0.0538,0.892401,0.209555,0.302323,0.204961,FALSE,TRUE,1
115,luxwort-1948-08-27-a-i0008,luxwort-1948-08-27-a-i0008-NIL_w_john_logan,luxwort-1948-08-27-a-i0008_Q1794,FALSE,0.949295,0.050705,0.898589,0.200587,0.289386,0.195398,FALSE,TRUE,1
122,luxwort-1948-08-27-a-i0008,luxwort-1948-08-27-a-i0008-NIL_m_r_l_robinson,luxwort-1948-08-27-a-i0008_Q713750,FALSE,0.951863,0.048137,0.903726,0.192992,0.278429,0.187351,FALSE,TRUE,1
118,luxwort-1948-08-27-a-i0008,luxwort-1948-08-27-a-i0008-NIL_m_r_l_robinson,luxwort-1948-08-27-a-i0008_Q55309,FALSE,0.953966,0.046034,0.907932,0.186667,0.269304,0.180686,FALSE,TRUE,1
117,luxwort-1948-08-27-a-i0008,luxwort-1948-08-27-a-i0008-NIL_w_john_logan,luxwort-1948-08-27-a-i0008_Q713750,FALSE,0.954308,0.045692,0.908616,0.18563,0.267807,0.179596,FALSE,TRUE,1
110,luxwort-1948-08-27-a-i0008,luxwort-1948-08-27-a-i0008-NIL_w_john_logan,luxwort-1948-08-27-a-i0008_Q693911,FALSE,0.955981,0.044019,0.911963,0.180512,0.260423,0.17423,FALSE,TRUE,1
114,luxwort-1948-08-27-a-i0008,luxwort-1948-08-27-a-i0008-NIL_logan,luxwort-1948-08-27-a-i0008_Q30,FALSE,0.955981,0.044019,0.911963,0.180512,0.260423,0.17423,FALSE,TRUE,1
169,NZZ-1848-08-26-a-p0002,NZZ-1848-08-26-a-p0002_Q67299,NZZ-1848-08-26-a-p0002_Q38872,FALSE,0.957596,0.042404,0.915192,0.17551,0.253207,0.169007,FALSE,TRUE,1
18,luxwort-1848-12-15-a-i0001,luxwort-1848-12-15-a-i0001-NIL_ulrich,luxwort-1848-12-15-a-i0001_Q397678,FALSE,0.957912,0.042088,0.915825,0.174523,0.251784,0.16798,FALSE,TRUE,1
36,luxwort-1858-02-07-a-i0009,luxwort-1858-02-07-a-i0009-NIL_sm_i_,luxwort-1858-02-07-a-i0009_Q84,FALSE,0.958226,0.041774,0.916452,0.173541,0.250367,0.166957,FALSE,TRUE,1
111,luxwort-1948-08-27-a-i0008,luxwort-1948-08-27-a-i0008-NIL_m_r_l_robinson,luxwort-1948-08-27-a-i0008_Q693911,FALSE,0.958538,0.041462,0.917075,0.172564,0.248957,0.165941,FALSE,TRUE,1
112,luxwort-1948-08-27-a-i0008,luxwort-1948-08-27-a-i0008-NIL_logan,luxwort-1948-08-27-a-i0008_Q693911,FALSE,0.958538,0.041462,0.917075,0.172564,0.248957,0.165941,FALSE,TRUE,1
121,luxwort-1948-08-27-a-i0008,luxwort-1948-08-27-a-i0008-NIL_m_r_l_robinson,luxwort-1948-08-27-a-i0008_Q55304,FALSE,0.958538,0.041462,0.917075,0.172564,0.248957,0.165941,FALSE,TRUE,1
190,NZZ-1808-04-29-a-p0002,NZZ-1808-04-29-a-p0002_Q321765,NZZ-1808-04-29-a-p0002_Q1748,FALSE,0.959154,0.040846,0.918309,0.170623,0.246156,0.163924,FALSE,TRUE,1
27,luxwort-1848-12-15-a-i0001,luxwort-1848-12-15-a-i0001-NIL_ulrich,luxwort-1848-12-15-a-i0001_Q32,FALSE,0.959459,0.040541,0.918919,0.169659,0.244766,0.162924,FALSE,TRUE,1
84,NZZ-1918-11-22-e-p0001,NZZ-1918-11-22-e-p0001_Q17305208,NZZ-1918-11-22-e-p0001_Q511990,FALSE,0.959762,0.040238,0.919524,0.1687,0.243382,0.161929,FALSE,TRUE,1
123,luxwort-1948-08-27-a-i0008,luxwort-1948-08-27-a-i0008-NIL_w_john_logan,luxwort-1948-08-27-a-i0008_Q55309,FALSE,0.959762,0.040238,0.919524,0.1687,0.243382,0.161929,FALSE,TRUE,1
125,luxwort-1948-08-27-a-i0008,luxwort-1948-08-27-a-i0008-NIL_w_john_logan,luxwort-1948-08-27-a-i0008_Q55304,FALSE,0.959762,0.040238,0.919524,0.1687,0.243382,0.161929,FALSE,TRUE,1
0,27058621_1937-12-28_1748_001,27058621_1937-12-28_1748_001_Q29179,27058621_1937-12-28_1748_001_Q1754,FALSE,0.960657,0.039343,0.921315,0.165849,0.239269,0.158977,FALSE,TRUE,1
38,luxwort-1858-02-07-a-i0009,luxwort-1858-02-07-a-i0009_Q4251818,luxwort-1858-02-07-a-i0009_Q84,FALSE,0.960657,0.039343,0.921315,0.165849,0.239269,0.158977,FALSE,TRUE,1
119,luxwort-1948-08-27-a-i0008,luxwort-1948-08-27-a-i0008-NIL_logan,luxwort-1948-08-27-a-i0008_Q183,FALSE,0.960657,0.039343,0.921315,0.165849,0.239269,0.158977,FALSE,TRUE,1
142,luxwort-1858-06-20-a-i0006,luxwort-1858-06-20-a-i0006_Q3776769,luxwort-1858-06-20-a-i0006_Q34266,FALSE,0.960657,0.039343,0.921315,0.165849,0.239269,0.158977,FALSE,TRUE,1
207,NZZ-1818-08-18-a-p0003,NZZ-1818-08-18-a-p0003_Q202289,NZZ-1818-08-18-a-p0003_Q90,FALSE,0.960657,0.039343,0.921315,0.165849,0.239269,0.158977,FALSE,TRUE,1
24,luxwort-1848-12-15-a-i0001,luxwort-1848-12-15-a-i0001_Q3343509,luxwort-1848-12-15-a-i0001_Q32,FALSE,0.960952,0.039048,0.921903,0.164908,0.237911,0.158004,FALSE,TRUE,1
37,luxwort-1858-02-07-a-i0009,luxwort-1858-02-07-a-i0009-NIL_brismee,luxwort-1858-02-07-a-i0009_Q84,FALSE,0.960952,0.039048,0.921903,0.164908,0.237911,0.158004,FALSE,TRUE,1
60,tageblatt-1928-02-15-a-i0018,tageblatt-1928-02-15-a-i0018-NIL_simon_tovbini,tageblatt-1928-02-15-a-i0018_Q64,FALSE,0.960952,0.039048,0.921903,0.164908,0.237911,0.158004,FALSE,TRUE,1
143,luxwort-1858-06-20-a-i0006,luxwort-1858-06-20-a-i0006_Q3776769,luxwort-1858-06-20-a-i0006_Q142,FALSE,0.960952,0.039048,0.921903,0.164908,0.237911,0.158004,FALSE,TRUE,1
186,luxwort-1858-11-28-a-i0005,luxwort-1858-11-28-a-i0005_Q190,luxwort-1858-11-28-a-i0005_Q27306,FALSE,0.960952,0.039048,0.921903,0.164908,0.237911,0.158004,FALSE,TRUE,1
14,27058621_1937-12-28_1748_001,27058621_1937-12-28_1748_001-NIL_guido,27058621_1937-12-28_1748_001_Q220,FALSE,0.961244,0.038756,0.922488,0.163971,0.23656,0.157036,FALSE,TRUE,1
72,tageblatt-1928-02-15-a-i0018,tageblatt-1928-02-15-a-i0018-NIL_blumenstein,tageblatt-1928-02-15-a-i0018_Q1794,FALSE,0.961244,0.038756,0.922488,0.163971,0.23656,0.157036,FALSE,TRUE,1
87,NZZ-1918-11-22-e-p0001,NZZ-1918-11-22-e-p0001_Q17305208,NZZ-1918-11-22-e-p0001_Q648339,FALSE,0.961244,0.038756,0.922488,0.163971,0.23656,0.157036,FALSE,TRUE,1
133,dev_de_11,dev_de_11-NIL_jos_schwarz,dev_de_11_Q13298,FALSE,0.961244,0.038756,0.922488,0.163971,0.23656,0.157036,FALSE,TRUE,1
198,NZZ-1808-04-29-a-p0002,NZZ-1808-04-29-a-p0002_Q334145,NZZ-1808-04-29-a-p0002_Q142,FALSE,0.961244,0.038756,0.922488,0.163971,0.23656,0.157036,FALSE,TRUE,1
220,NZZ-1818-08-18-a-p0003,NZZ-1818-08-18-a-p0003-NIL_lasitte,NZZ-1818-08-18-a-p0003_Q90,FALSE,0.961244,0.038756,0.922488,0.163971,0.23656,0.157036,FALSE,TRUE,1
226,NZZ-1838-06-04-a-p0004,NZZ-1838-06-04-a-p0004_Q190,NZZ-1838-06-04-a-p0004_Q2973,FALSE,0.961244,0.038756,0.922488,0.163971,0.23656,0.157036,FALSE,TRUE,1
28,luxwort-1858-02-07-a-i0009,luxwort-1858-02-07-a-i0009_Q4251818,luxwort-1858-02-07-a-i0009_Q31,FALSE,0.961534,0.038466,0.923068,0.163039,0.235215,0.156074,FALSE,TRUE,1
43,luxwort-1858-02-07-a-i0009,luxwort-1858-02-07-a-i0009_Q708837,luxwort-1858-02-07-a-i0009_Q239,FALSE,0.961534,0.038466,0.923068,0.163039,0.235215,0.156074,FALSE,TRUE,1
